name,type,sequence
PP752855,protein,MNPNQKITTIGSICMVIGIVSLMLQIGNIISIWVSHSIQTGNQYQPEPCNQSIITYENNTWVNQTYINISNTNFLAEQAVTSVTLAGNSSLCPISGWAIYSKDNGIRIGSKGDVFVIREPFISCSHLECRTFFLTQGALLNDKHSNGTVKDRSPYRTLMSCPVGEAPSPYNSRFESVAWSASACHDGISWLTIGISGPDNGAVAVLKYNGIITDTIKSWRNNILRTQESECACVNGSCFTVMTDGPSNGQASYKIFKIEKGKVVKSVEMNAPNYHYEECSCYPDAGDIMCVCRDNWHGSNRPWVSFNQNLEYQIGYICSGIFGDNPRPNDGTGSCSPMPSNGAYGVKGFSFKYGNGVWIGRTKSTSSRSGFEMIWDPNGWTETDSSFSVKQDIVEITDWSGYSGSFVQHPELTGLDCMRPCFWVELIRGRPKENTIWTSGSSISFCGVNSDTVGWSWPDGAELPFTIDK
PP577945,protein,MNPNQKITTIGSICMVIGIVSLMLQIGNIISIWVSHSIQTGNQYQPEPCNQSIITYENNTWVNQTYINISNTNFLAEQAVTSVTLAGNSSLCPISGWAIYSKDNGIRIGSKGDVFVIREPFISCSHLECRTFFLTQGALLNDKHSNGTVKDRSPYRTLMSCPVGEAPSPYNSRFESVAWSASACHDGISWLTIGISGPDNGAVAVLKYNGIITDTIKSWRNNILRTQESECACVNGSCFTVMTDGPSNGQASYKIFKIEKGKVVKSVEMNAPNYHYEECSCYPDAGDIMCVCRDNWHGSNRPWVSFNQNLEYQIGYICSGIFGDNPRPNDGTGSCSPMPSNGAYGVKGFSFKYGNGVWIGRTKSTSSRSGFEMIWDPNGWTETDSSFSVKQDIVEITDWSGYSGSFVQHPELTGLDCMRPCFWVELIRGRPKENTIWTSGSSISFCGVNSDTVGWSWPDGAELPFTIDK
PQ591831,protein,MNPNQKITTIGSICMVIGIVSLMLQIGNIISIWVSHSIQTGNQYQPEPCNQSIITYENNTWVNQTYINISSTNFLAEQAVTSVTLAGNSSLCPISGWAIYSKDNGIRIGSKGDVFVIREPFISCSHLECRTFFLTQGALLNDKHSNGTVKDRSPYRTLMSCPVGEAPSPYNSRFESVAWSASACHDGISWLTIGISGPDNGAVAVLKYNGIITDTIKSWRNNILRTQESECACVNGSCFTVMTDGPSNGQASYKIFKIEKGKVVKSVEMNAPNYHYEECSCYPDAGDIMCVCRDNWHGSNRPWVSFNQNLEYQIGYICSGIFGDNPRPNDGTGSCSPMPSNGAYGVKGFSFKYGNGVWIGRTKSTSSRNGFEMIWDPNGWTETDSSFSVKQDIVEITDWSGYSGSFVQHPELTGLDCMRPCFWVELIRGRPKENTIWTSGSSISFCGVNSDTVGWSWPDGAELPFTIDK
PP577945,protein,MNPNQKITTIGSICMVIGIVSLMLQIGNIISIWVSHSIQTGNQYQPEPCNQSIITYENNTWVNQTYINISNTNFLAEQAVTSVTLAGNSSLCPISGWAIYSKDNGIRIGSKGDVFVIREPFISCSHLECRTFFLTQGALLNDKHSNGTVKDRSPYRTLMSCPVGEAPSPYNSRFESVAWSASACHDGISWLTIGISGPDNGAVAVLKYNGIITDTIKSWRNNILRTQESECACVNGSCFTVMTDGPSNGQASYKIFKIEKGKVVKSVEMNAPNYHYEECSCYPDAGDIMCVCRDNWHGSNRPWVSFNQNLEYQIGYICSGIFGDNPRPNDGTGSCSPMPSNGAYGVKGFSFKYGNGVWIGRTKSTSSRSGFEMIWDPNGWTETDSSFSVKQDIVEITDWSGYSGSFVQHPELTGLDCMRPCFWVELIRGRPKENTIWTSGSSISFCGVNSDTVGWSWPDGAELPFTIDK
OM403994,protein,MNPNQKIATIGSISLGLVVFNVLLHALNIILMVLALGKSENNGICKGTIIREYNETVRIEKVTQWYNTSVVEYVPHWNEGAYINNTEPICDVKGFAPFSKDNGIRIGSRGHIFVIREPFVSCSPVECRTFFLTQGALLNDKHSNGTVKDRSPFRTLMSVEVGQSPNVYQARFEAVAWSATACHDGKKWMTIGVTGPDSKAIAVVHYGGVPTDIVNSWAGDILRTQESSCTCIQGNCYWVMTDGPSNRQAQYRIYKANQGKIIDQADVSFSGGHIEECSCYPNDGKVECVCRDNWIGTNRPVLVISPDLSYRVGYLCAGLPSDTPRGEDAQFVGSCTSPMGNQGYGVKGFGFRQGTDVWMGRTISRTSRSGFEIIRIKNGWTQTSKEQIRRQVVVDNLNWSGYSGSFTLPVELSGRECLVPCFWVEMIRGRPEERTIWTSSSSIVMCGVDHEIADWSWHDGAILPFDIDGM
OQ958046,protein,MNPNQKITTIGSICMVIGIVSLMLQIGNIISIWVSHSIQTGNQYQPEPCNQSIITYENNTWVNQTYVNISNTNFLAEQAVTSVTLAGNSSLCPISGWAIYSKDNGIRIGSKGDVFVIREPFISCSHLECRTFFLTQGALLNDKHSNGTVKDRSPYRTLMSCPVGEAPSPYNSRFESVAWSASACHDGISWLTIGISGPDNGAVAVLKYNGIITDTIKSWRNNILRTQESECACVNGSCFTVMTDGPSNGQASYKIFKIDKGKVVKSVELNAPNYHYEECSCYPDAGDIMCVCRDNWHGSNRPWVSFNQNLEYQIGYICSGVFGDNPRPNDGTGSCSPMSSNGAYGVKGFSFKYGNGVWIGRTKSTSSRSGFEMIWDPNGWTETDSSFSVKQDIVEITDWSGYSGSFVQHPELTGLDCMRPCFWVELIRGRPKENTIWTSGSSISFCGVNSDTVGWSWPDGAELPFTIDK
GU052520,protein,MNPNQKIITIGSICMIVGIISLILQIGNIISIWVSHSIQTGNQNQPEICNQSIITYENNTWVNQTYVNISNTNFVTEQALAPVALAGNSSLCPISGWAIYSKDNGIRIGSKGDVFVIREPFISCSHLECRTFFLTQGALLNDKHSNGTVKDRSPYRTLMSCPIGESPSPYNSRFESVAWSASACHDGIGWLTIGISGPDNGAVAVLKYNGIITDTIKSWRNNILRTQESECACMNGSCFTIMTDGPSNGQASYKIFKIEKGKVVKSVELNAPNYHYEECSCYPDAGEIMCVCRDNWHGSNRPWVSFNQNLEYQIGYICSGVFGDNPRPNDGAGSCGPVSSNGAYGVKGFSFKYGKGVWIGRTKSTSSRSGFEMIWDPNGWTETDSSFSVKQDIVAITDWSGYSGSFVQHPELTGLDCMRPCFWVELIRGRPKENTIWTSGSSISFCGVNSDTVGWSWPDGAELPFTIDK
oseltamivir,ligand,CCC(CC)O[C@@H]1C=C(C[C@@H]([C@H]1NC(=O)C)N)C(=O)OCC
zanamivir,ligand,CC(=O)N[C@@H]1[C@H](C=C(O[C@H]1[C@@H]([C@@H](CO)O)O)C(=O)O)N=C(N)N
